{"cameraMode":{"drawMode":0,"name":"Shaded","section":"Shading Mode"},"sceneLighting":true,"audioPlay":false,"sceneViewState":{"showFog":true,"showMaterialUpdate":false,"showSkybox":true,"showFlares":true,"showImageEffects":true,"showParticleSystems":true},"in2DMode":false,"pivot":{"x":-5.515176773071289,"y":-1.544532299041748,"z":1.5106871128082276},"rotation":{"x":0.0009715120540931821,"y":0.9987545609474182,"z":-0.04497498273849487,"w":0.021579435095191003},"size":3.8353116512298586,"orthographic":false}